,0,1,2,3,4,5,6,7,8,9,10,11,12,13,14,15,16,17,18,19,20,21,22,23,24,25,26,27,28,29
n_attention,orange,orange,orange,orange,orange,orange,orange,orange,orange,orange,orange,orange,orange,orange,orange,orange,orange,orange,orange,orange,orange,orange,orange,orange,orange,orange,orange,orange,orange,orange
q_PRIV1,2,3,4,5,2,5,4,4,4,3,2,3,2,2,1,2,3,2,5,3,2,4,3,2,4,1,3,2,2,1
q_PRIV2,2,3,1,1,3,4,4,2,3,4,1,3,2,2,2,2,4,3,5,3,2,4,1,4,4,3,3,2,2,1
q_PRIV3,2,4,3,2,5,4,4,3,3,4,2,4,5,2,1,3,3,3,5,4,3,4,2,3,4,2,3,2,3,1
q_PRIV4,4,4,5,5,5,5,5,5,4,5,5,5,5,4,4,4,4,4,5,4,4,4,3,5,4,3,3,2,3,1
q_PRIV5,3,4,5,3,5,5,5,4,4,5,2,4,4,3,3,2,4,4,5,4,3,4,2,3,4,3,3,2,4,1
q_PRIV6,4,3,2,2,5,5,3,2,3,4,4,4,3,3,3,4,2,3,5,5,2,3,5,5,4,3,3,2,5,1
q_TRUST1,4,3,2,2,4,5,4,4,3,3,4,4,3,3,3,4,3,3,5,5,2,4,3,5,4,2,3,2,4,1
q_TRUST2,4,3,2,1,4,4,3,3,3,3,4,4,4,3,2,4,3,3,5,5,2,5,3,5,4,3,3,2,4,1
q_TRUST3,4,4,5,1,3,4,4,4,2,4,4,4,3,4,2,4,3,3,5,5,3,3,2,4,4,3,3,2,4,1
q_TRUST4,3,3,5,1,4,4,4,3,2,4,4,4,5,3,2,5,3,3,5,2,2,5,2,5,4,3,3,2,4,1
q_TRUST5,4,4,1,2,3,5,4,3,2,3,4,4,5,3,2,3,3,3,5,3,2,4,2,5,4,3,3,2,3,1
q_IUIPC1,5,3,5,4,4,4,5,5,3,4,5,4,3,4,3,5,4,3,5,2,3,4,4,5,5,2,3,2,5,1
q_IUIPC2,5,4,5,3,3,4,5,4,3,4,5,5,4,3,3,2,4,3,5,4,3,5,4,5,5,4,3,2,4,1
q_IUIPC3,4,3,5,5,5,5,5,5,4,4,5,4,5,5,5,5,5,4,5,4,2,5,5,5,5,5,3,2,5,1
q_IUIPC4,4,4,5,5,5,5,5,5,4,3,5,5,5,5,5,5,5,4,5,4,3,5,5,5,5,4,3,2,5,1
q_IUIPC5,2,3,5,3,3,3,5,3,3,5,4,3,2,4,5,3,4,4,2,5,4,4,5,5,5,4,3,2,5,1
q_IUIPC6,2,2,1,5,5,2,5,4,3,5,4,4,2,4,5,4,4,4,1,4,3,3,4,5,3,4,3,2,5,1
q_IUIPC7,1,4,1,5,5,2,5,2,3,4,4,4,1,3,5,4,3,4,1,3,3,3,4,4,3,4,3,2,5,1
q_COMMIT1,3,3,4,4,4,5,2,4,4,3,3,4,3,2,3,3,4,2,3,3,2,4,3,5,3,1,2,2,2,1
q_COMMIT2,4,3,5,3,4,4,3,3,3,4,3,3,3,2,1,2,2,2,3,3,2,3,4,3,3,1,2,2,2,1
q_COMMIT3,2,2,2,2,3,3,3,3,2,3,3,3,3,2,3,3,4,2,3,2,1,3,2,3,3,1,2,2,2,1
n_usage,seldom,seldom,no,no,no,no,seldom,seldom,seldom,no,seldom,seldom,no,seldom,seldom,seldom,seldom,no,no,seldom,no,seldom,seldom,seldom,often,frequent,seldom,no,no,no
n_smartDevicesOwnershipt,none,Cortana,none,none,none,none,none,none,Apple Siri,none,Apple Siri,none,none,Amazon Alexa,Amazon Alexa,Apple Siri,Apple Siri,none,none,Apple Siri,Amazon Alexa,none,none,Apple Siri,Amazon Alexa,Amazon Alexa,Apple Siri,none,none,none
n_gender,female,male,female,female,male,female,male,female,female,female,male,other,male,male,female,male,female,female,female,female,female,other,female,female,female,female,male,other,female,other
n_age,27,26,26,23,23,30,27,25,22,25,34,28,24,35,30,22,26,23,24,26,27,32,29,22,32,38,30,23,22,0
n_language,yes,yes,yes,no,yes,yes,no,yes,yes,yes,yes,yes,yes,yes,yes,yes,yes,yes,no,yes,yes,yes,yes,yes,yes,yes,yes,yes,yes,yes
n_firstLetterNameMother,S,,I,B,C,I,S,E,A,V,M,K,S,S,M,S,C,i,K,M,,E,C,S,H,U,K,a,A,
n_firstLetterNameFather,T,,C,G,J,J,H,B,M,H,W,R,A,H,F,G,A,f,M,M,,S,N,H,B,E,V,b,M,
n_firstLetterBirthplace,D,,D,C,S,F,A,N,H,W,I,B,S,S,B,V,W,s,S,R,,H,K,S,H,F,,c,M,
n_lastDigitBirthYear,4,,6,8,9,1,4,6,9,6,7,4,7,7,1,9,5,9,7,1,,9,1,9,0,3,,1,9,
n_lastDigitBirthDay,9,,0,1,5,2,0,1,9,0,6,8,6,5,4,8,5,5,7,5,,0,0,8,3,6,,2,2,
transcript,"[Vicki] Hi! Willkommen beim DATEV Lab Gehaltsrechner.; [Vicki] Ich kann dir einen Überblick über deinen Netto-Lohn geben, wenn du mir dein Bruttogehalt, deine Steuerklasse, die Kinderanzahl und deine Kirchensteuerpflicht verrätst.; [Vicki] Möchtest du für den Einstieg eine kurze Einführung hören?; [user] Nein; [Vicki] Kein Problem! Übrigens: Wenn du die Einführung doch hören willst, sag einfach ""Einführung"".; [Vicki] Für welchen Betrag möchtest du den Nettowert wissen?; [user] 3600; [Vicki] Alles klar! 3600 Euro Bruttogehalt. Wie ist deine Steuerklasse?; [user] 1; [Vicki] Wieviele Kinder hast du?; [user] 0; [Vicki] Ok! Und in welchem Bundesland lebst du?; [user] NRW; [Vicki] Bezahlst du Kirchensteuer?; [user] Ja; [Vicki] Sehr gut. Dann habe ich auch schon alles wichtige. Bitte beachte, dass das Ergebnis nur ein Richtwert ist. Der voraussichtliche Nettolohn beträgt 2288,39 Euro.; [Vicki] Soll ich die angegebenen Daten für die nächste Berechnung speichern?; [user] Ja; [Vicki] Wird gemacht.; [Vicki] Auf Wiedersehen; EOTEOT","[Vicki] Hi! Willkommen beim DATEV Lab Gehaltsrechner.; [Vicki] Ich kann dir einen Überblick über deinen Netto-Lohn geben, wenn du mir dein Bruttogehalt, deine Steuerklasse, die Kinderanzahl und deine Kirchensteuerpflicht verrätst.; [Vicki] Möchtest du für den Einstieg eine kurze Einführung hören?; [user] Nein; [Vicki] Kein Problem! Übrigens: Wenn du die Einführung doch hören willst, sag einfach ""Einführung"".; [Vicki] Für welchen Betrag möchtest du den Nettowert wissen?; [user] 3500; [Vicki] Alles klar! 3500 Euro Bruttogehalt. Wie ist deine Steuerklasse?; [user] 1; [Vicki] Wieviele Kinder hast du?; [user] 0; [Vicki] Ok! Und in welchem Bundesland lebst du?; [user] Bayern; [Vicki] Bezahlst du Kirchensteuer?; [user] Ja; [Vicki] Sehr gut. Dann habe ich auch schon alles wichtige. Bitte beachte, dass das Ergebnis nur ein Richtwert ist. Der voraussichtliche Nettolohn beträgt 2242,57 Euro.; [Vicki] Soll ich die angegebenen Daten für die nächste Berechnung speichern?; [user] Nein; [Vicki] In Ordnung.; [Vicki] Auf Wiedersehen; EOTEOT","[Vicki] Hi! Willkommen beim DATEV Lab Gehaltsrechner.; [Vicki] Ich kann dir einen Überblick über deinen Netto-Lohn geben, wenn du mir dein Bruttogehalt, deine Steuerklasse, die Kinderanzahl und deine Kirchensteuerpflicht verrätst.; [Vicki] Möchtest du für den Einstieg eine kurze Einführung hören?; [user] Ja; [Vicki] Alles klar. Ich kann die Lohnsteuer für Arbeitnehmer berechnen. Dazu stelle ich dir einige Fragen zur Steuerklasse, Kirchenbeträgen oder auch deinem Alter.; [Vicki] In der Berechnung gehe ich davon aus, dass du gesetzlich versichert bist und keine weiteren geldwerten Vorteile angeben willst.; [Vicki] Außerdem hast du die Möglichkeit, deine Daten zu speichern.; [Vicki] Wenn du später nochmal die Einführung hören willst, sage einfach ""Einführung"".; [Vicki] Für welchen Betrag möchtest du den Nettowert wissen?; [user] 800,00; [Vicki] Alles klar! 800 Euro Bruttogehalt. Wie ist deine Steuerklasse?; [user] 1; [Vicki] Wieviele Kinder hast du?; [user] 0; [Vicki] Ok! Und in welchem Bundesland lebst du?; [user] BW; [Vicki] Bezahlst du Kirchensteuer?; [user] Nein; [Vicki] Sehr gut. Dann habe ich auch schon alles wichtige. Bitte beachte, dass das Ergebnis nur ein Richtwert ist. Der voraussichtliche Nettolohn beträgt 674,78 Euro.; [Vicki] Soll ich die Daten aus dieser Konversation für dich löschen?; [user] Nein; [Vicki] Alles klar.; [Vicki] Auf Wiedersehen!; EOTEOT","[Vicki] Hi! Willkommen beim DATEV Lab Gehaltsrechner.; [Vicki] Ich kann dir einen Überblick über deinen Netto-Lohn geben, wenn du mir dein Bruttogehalt, deine Steuerklasse, die Kinderanzahl und deine Kirchensteuerpflicht verrätst.; [Vicki] Möchtest du für den Einstieg eine kurze Einführung hören?; [user] Ja; [Vicki] Alles klar. Ich kann die Lohnsteuer für Arbeitnehmer berechnen. Dazu stelle ich dir einige Fragen zur Steuerklasse, Kirchenbeträgen oder auch deinem Alter.; [Vicki] In der Berechnung gehe ich davon aus, dass du gesetzlich versichert bist und keine weiteren geldwerten Vorteile angeben willst.; [Vicki] Außerdem hast du die Möglichkeit, deine Daten zu speichern.; [Vicki] Wenn du später nochmal die Einführung hören willst, sage einfach ""Einführung"".; [Vicki] Für welchen Betrag möchtest du den Nettowert wissen?; [user] 1400; [Vicki] Alles klar! 1400 Euro Bruttogehalt. Wie ist deine Steuerklasse?; [user] 1; [Vicki] Wieviele Kinder hast du?; [user] 0; [Vicki] Ok! Und in welchem Bundesland lebst du?; [user] He; [Vicki] Interessant - davon habe ich noch gar nichts gehört.; [Vicki] Um den Nettowert zu berechnen, benötige ich das Bundesland, in dem du in Deutschland gemeldet bist.; [Vicki] Sage jetzt den Namen des Bundeslandes.; [user] Hessen; [Vicki] Bezahlst du Kirchensteuer?; [user] Nein; [Vicki] Sehr gut. Dann habe ich auch schon alles wichtige. Bitte beachte, dass das Ergebnis nur ein Richtwert ist. Der voraussichtliche Nettolohn beträgt 1090,13 Euro.; [Vicki] Soll ich die Daten aus dieser Konversation für dich löschen?; [user] Ja; [Vicki] Okay. Ich habe deine Daten aus dieser Interaktion gelöscht.; [Vicki] Auf Wiedersehen!; EOTEOT","[Vicki] Hi! Willkommen beim DATEV Lab Gehaltsrechner.; [Vicki] Ich kann dir einen Überblick über deinen Netto-Lohn geben, wenn du mir dein Bruttogehalt, deine Steuerklasse, die Kinderanzahl und deine Kirchensteuerpflicht verrätst.; [Vicki] Möchtest du für den Einstieg eine kurze Einführung hören?; [user] Nein; [Vicki] Kein Problem! Übrigens: Wenn du die Einführung doch hören willst, sag einfach ""Einführung"".; [Vicki] Für welchen Betrag möchtest du den Nettowert wissen?; [user] 1200; [Vicki] Alles klar! 1200 Euro Bruttogehalt. Wie ist deine Steuerklasse?; [user] 3; [Vicki] Wieviele Kinder hast du?; [user] 0; [Vicki] Ok! Und in welchem Bundesland lebst du?; [user] Berlin; [Vicki] Bezahlst du Kirchensteuer?; [user] Nein; [Vicki] Sehr gut. Dann habe ich auch schon alles wichtige. Bitte beachte, dass das Ergebnis nur ein Richtwert ist. Der voraussichtliche Nettolohn beträgt 978,66 Euro.; [Vicki] Soll ich die angegebenen Daten für die nächste Berechnung speichern?; [user] Nein; [Vicki] In Ordnung.; [Vicki] Auf Wiedersehen; EOTEOT","[Vicki] Hi! Willkommen beim DATEV Lab Gehaltsrechner.; [Vicki] Ich kann dir einen Überblick über deinen Netto-Lohn geben, wenn du mir dein Bruttogehalt, deine Steuerklasse, die Kinderanzahl und deine Kirchensteuerpflicht verrätst.; [Vicki] Möchtest du für den Einstieg eine kurze Einführung hören?; [user] Ja; [Vicki] Alles klar. Ich kann die Lohnsteuer für Arbeitnehmer berechnen. Dazu stelle ich dir einige Fragen zur Steuerklasse, Kirchenbeträgen oder auch deinem Alter.; [Vicki] In der Berechnung gehe ich davon aus, dass du gesetzlich versichert bist und keine weiteren geldwerten Vorteile angeben willst.; [Vicki] Außerdem hast du die Möglichkeit, deine Daten zu speichern.; [Vicki] Wenn du später nochmal die Einführung hören willst, sage einfach ""Einführung"".; [Vicki] Für welchen Betrag möchtest du den Nettowert wissen?; [user] 3470; [Vicki] Alles klar! 3470 Euro Bruttogehalt. Wie ist deine Steuerklasse?; [user] 1; [Vicki] Wieviele Kinder hast du?; [user] 0; [Vicki] Ok! Und in welchem Bundesland lebst du?; [user] BY; [Vicki] Interessant - davon habe ich noch gar nichts gehört.; [Vicki] Um den Nettowert zu berechnen, benötige ich das Bundesland, in dem du in Deutschland gemeldet bist.; [Vicki] Sage jetzt den Namen des Bundeslandes.; [user] Bayern; [Vicki] Bezahlst du Kirchensteuer?; [user] Ja; [Vicki] Sehr gut. Dann habe ich auch schon alles wichtige. Bitte beachte, dass das Ergebnis nur ein Richtwert ist. Der voraussichtliche Nettolohn beträgt 2227,03 Euro.; [Vicki] Soll ich die Daten aus dieser Konversation für dich löschen?; [user] Nein; [Vicki] Alles klar.; [Vicki] Auf Wiedersehen!; EOTEOT","[Vicki] Hi! Willkommen beim DATEV Lab Gehaltsrechner.; [Vicki] Ich kann dir einen Überblick über deinen Netto-Lohn geben, wenn du mir dein Bruttogehalt, deine Steuerklasse, die Kinderanzahl und deine Kirchensteuerpflicht verrätst.; [Vicki] Möchtest du für den Einstieg eine kurze Einführung hören?; [user] Ja; [Vicki] Alles klar. Ich kann die Lohnsteuer für Arbeitnehmer berechnen. Dazu stelle ich dir einige Fragen zur Steuerklasse, Kirchenbeträgen oder auch deinem Alter.; [Vicki] In der Berechnung gehe ich davon aus, dass du gesetzlich versichert bist und keine weiteren geldwerten Vorteile angeben willst.; [Vicki] Außerdem hast du die Möglichkeit, deine Daten zu speichern.; [Vicki] Wenn du später nochmal die Einführung hören willst, sage einfach ""Einführung"".; [Vicki] Für welchen Betrag möchtest du den Nettowert wissen?; [user] 850; [Vicki] Alles klar! 850 Euro Bruttogehalt. Wie ist deine Steuerklasse?; [user] Keine Ahnung ; [Vicki] Kein Problem. Ich helfe dir dabei. Handelt es sich um ein Haupt- oder Nebeneinkommen?; [user] Haupt; [Vicki] Alles klar! Bist du denn verheiratet?; [user] Ja; [Vicki] Kleiner Tipp: Du kannst die Berechnung auch mit Steuerklasse 3 und 5 durchführen, um zu prüfen, ob das steuerliche Vorteile für dich bringt.; [Vicki] Für diese Berechnung fahren wir mit Steuerklasse 4 fort, da diese die gängige ist.; [Vicki] Wieviele Kinder hast du?; [user] 0; [Vicki] Ok! Und in welchem Bundesland lebst du?; [user] Berlin; [user] ; [Vicki] Interessant - davon habe ich noch gar nichts gehört.; [Vicki] Um den Nettowert zu berechnen, benötige ich das Bundesland, in dem du in Deutschland gemeldet bist.; [Vicki] Sage jetzt den Namen des Bundeslandes.; [Vicki] Bezahlst du Kirchensteuer?; [user] Nein; [Vicki] Sehr gut. Dann habe ich auch schon alles wichtige. Bitte beachte, dass das Ergebnis nur ein Richtwert ist. Der voraussichtliche Nettolohn beträgt 712,77 Euro.; [Vicki] Soll ich die Daten aus dieser Konversation für dich löschen?; [user] Ja; [Vicki] Okay. Ich habe deine Daten aus dieser Interaktion gelöscht.; [Vicki] Auf Wiedersehen!; EOTEOT","[Vicki] Hi! Willkommen beim DATEV Lab Gehaltsrechner.; [Vicki] Ich kann dir einen Überblick über deinen Netto-Lohn geben, wenn du mir dein Bruttogehalt, deine Steuerklasse, die Kinderanzahl und deine Kirchensteuerpflicht verrätst.; [Vicki] Möchtest du für den Einstieg eine kurze Einführung hören?; [user] Ja; [Vicki] Alles klar. Ich kann die Lohnsteuer für Arbeitnehmer berechnen. Dazu stelle ich dir einige Fragen zur Steuerklasse, Kirchenbeträgen oder auch deinem Alter.; [Vicki] In der Berechnung gehe ich davon aus, dass du gesetzlich versichert bist und keine weiteren geldwerten Vorteile angeben willst.; [Vicki] Außerdem hast du die Möglichkeit, deine Daten zu speichern.; [Vicki] Wenn du später nochmal die Einführung hören willst, sage einfach ""Einführung"".; [Vicki] Für welchen Betrag möchtest du den Nettowert wissen?; [user] 3500; [Vicki] Alles klar! 3500 Euro Bruttogehalt. Wie ist deine Steuerklasse?; [user] 1; [Vicki] Wieviele Kinder hast du?; [user] 0; [Vicki] Ok! Und in welchem Bundesland lebst du?; [user] BW; [Vicki] Bezahlst du Kirchensteuer?; [user] Ja; [Vicki] Sehr gut. Dann habe ich auch schon alles wichtige. Bitte beachte, dass das Ergebnis nur ein Richtwert ist. Der voraussichtliche Nettolohn beträgt 2237,30 Euro.; [Vicki] Soll ich die angegebenen Daten für die nächste Berechnung speichern?; [user] Nein; [Vicki] In Ordnung.; [Vicki] Auf Wiedersehen; EOTEOT","[Vicki] Hi! Willkommen beim DATEV Lab Gehaltsrechner.; [Vicki] Ich kann dir einen Überblick über deinen Netto-Lohn geben, wenn du mir dein Bruttogehalt, deine Steuerklasse, die Kinderanzahl und deine Kirchensteuerpflicht verrätst.; [Vicki] Möchtest du für den Einstieg eine kurze Einführung hören?; [user] Ja; [Vicki] Alles klar. Ich kann die Lohnsteuer für Arbeitnehmer berechnen. Dazu stelle ich dir einige Fragen zur Steuerklasse, Kirchenbeträgen oder auch deinem Alter.; [Vicki] In der Berechnung gehe ich davon aus, dass du gesetzlich versichert bist und keine weiteren geldwerten Vorteile angeben willst.; [Vicki] Außerdem hast du die Möglichkeit, deine Daten zu speichern.; [Vicki] Wenn du später nochmal die Einführung hören willst, sage einfach ""Einführung"".; [Vicki] Für welchen Betrag möchtest du den Nettowert wissen?; [user] 2600; [Vicki] Alles klar! 2600 Euro Bruttogehalt. Wie ist deine Steuerklasse?; [user] 1; [Vicki] Wieviele Kinder hast du?; [user] 0; [user] ; [Vicki] Ok! Und in welchem Bundesland lebst du?; [Vicki] Interessant - davon habe ich noch gar nichts gehört.; [Vicki] Um den Nettowert zu berechnen, benötige ich das Bundesland, in dem du in Deutschland gemeldet bist.; [Vicki] Sage jetzt den Namen des Bundeslandes.; [user] BW; [Vicki] Bezahlst du Kirchensteuer?; [user] Ja; [Vicki] Sehr gut. Dann habe ich auch schon alles wichtige. Bitte beachte, dass das Ergebnis nur ein Richtwert ist. Der voraussichtliche Nettolohn beträgt 1760,36 Euro.; [Vicki] Soll ich die Daten aus dieser Konversation für dich löschen?; [user] Ja; [Vicki] Okay. Ich habe deine Daten aus dieser Interaktion gelöscht.; [Vicki] Auf Wiedersehen!; EOTEOT","[Vicki] Hi! Willkommen beim DATEV Lab Gehaltsrechner.; [Vicki] Ich kann dir einen Überblick über deinen Netto-Lohn geben, wenn du mir dein Bruttogehalt, deine Steuerklasse, die Kinderanzahl und deine Kirchensteuerpflicht verrätst.; [Vicki] Möchtest du für den Einstieg eine kurze Einführung hören?; [user] Nein; [Vicki] Kein Problem! Übrigens: Wenn du die Einführung doch hören willst, sag einfach ""Einführung"".; [Vicki] Für welchen Betrag möchtest du den Nettowert wissen?; [user] 2400,00€; [Vicki] Hoppla, da scheint etwas nicht zu stimmen.; [Vicki] Um den Nettolohn zu berechnen, benötige ich den Bruttobetrag deines monatlichen Einkommens.; [Vicki] Der Bruttobetrag ist dein Gehalt vor Abzug aller Steuern und Versicherungen.; [Vicki] Versuchen wir es noch einmal. Für welchen Betrag möchtest du den Nettowert wissen?; [user] 2400; [Vicki] Alles klar! 2400 Euro Bruttogehalt. Wie ist deine Steuerklasse?; [user] 1; [Vicki] Wieviele Kinder hast du?; [user] 0; [Vicki] Ok! Und in welchem Bundesland lebst du?; [user] Bayern; [Vicki] Bezahlst du Kirchensteuer?; [user] Ja; [Vicki] Sehr gut. Dann habe ich auch schon alles wichtige. Bitte beachte, dass das Ergebnis nur ein Richtwert ist. Der voraussichtliche Nettolohn beträgt 1652,76 Euro.; [Vicki] Soll ich die angegebenen Daten für die nächste Berechnung speichern?; [user] Nein; [Vicki] In Ordnung.; [Vicki] Auf Wiedersehen; EOTEOT","[Vicki] Hi! Willkommen beim DATEV Lab Gehaltsrechner.; [Vicki] Ich kann dir einen Überblick über deinen Netto-Lohn geben, wenn du mir dein Bruttogehalt, deine Steuerklasse, die Kinderanzahl und deine Kirchensteuerpflicht verrätst.; [Vicki] Möchtest du für den Einstieg eine kurze Einführung hören?; [user] Ja; [Vicki] Alles klar. Ich kann die Lohnsteuer für Arbeitnehmer berechnen. Dazu stelle ich dir einige Fragen zur Steuerklasse, Kirchenbeträgen oder auch deinem Alter.; [Vicki] In der Berechnung gehe ich davon aus, dass du gesetzlich versichert bist und keine weiteren geldwerten Vorteile angeben willst.; [Vicki] Außerdem hast du die Möglichkeit, deine Daten zu speichern.; [Vicki] Wenn du später nochmal die Einführung hören willst, sage einfach ""Einführung"".; [Vicki] Für welchen Betrag möchtest du den Nettowert wissen?; [user] 64000; [Vicki] Ist dein Gehalt ein Jahreseinkommen?; [user] Ja; [Vicki] Alles klar! Wie ist deine Steuerklasse?; [user] keine Ahnung; [Vicki] Kein Problem. Ich helfe dir dabei. Handelt es sich um ein Haupt- oder Nebeneinkommen?; [user] haupt; [Vicki] Alles klar! Bist du denn verheiratet?; [user] ja; [Vicki] Kleiner Tipp: Du kannst die Berechnung auch mit Steuerklasse 3 und 5 durchführen, um zu prüfen, ob das steuerliche Vorteile für dich bringt.; [Vicki] Für diese Berechnung fahren wir mit Steuerklasse 4 fort, da diese die gängige ist.; [Vicki] Wieviele Kinder hast du?; [user] 1; [Vicki] Ok! Und in welchem Bundesland lebst du?; [user] Bayern; [Vicki] Bezahlst du Kirchensteuer?; [user] nein; [Vicki] Sehr gut. Dann habe ich auch schon alles wichtige. Bitte beachte, dass das Ergebnis nur ein Richtwert ist. Der voraussichtliche Nettolohn beträgt 3212,33 Euro.; [Vicki] Soll ich die angegebenen Daten für die nächste Berechnung speichern?; [user] nein; [Vicki] In Ordnung.; [Vicki] Auf Wiedersehen; EOTEOT","[Vicki] Hi! Willkommen beim DATEV Lab Gehaltsrechner.; [Vicki] Ich kann dir einen Überblick über deinen Netto-Lohn geben, wenn du mir dein Bruttogehalt, deine Steuerklasse, die Kinderanzahl und deine Kirchensteuerpflicht verrätst.; [Vicki] Möchtest du für den Einstieg eine kurze Einführung hören?; [user] ja; [Vicki] Alles klar. Ich kann die Lohnsteuer für Arbeitnehmer berechnen. Dazu stelle ich dir einige Fragen zur Steuerklasse, Kirchenbeträgen oder auch deinem Alter.; [Vicki] In der Berechnung gehe ich davon aus, dass du gesetzlich versichert bist und keine weiteren geldwerten Vorteile angeben willst.; [Vicki] Außerdem hast du die Möglichkeit, deine Daten zu speichern.; [Vicki] Wenn du später nochmal die Einführung hören willst, sage einfach ""Einführung"".; [Vicki] Für welchen Betrag möchtest du den Nettowert wissen?; [user] 50000; [Vicki] Ist dein Gehalt ein Jahreseinkommen?; [user] ja; [Vicki] Alles klar! Wie ist deine Steuerklasse?; [user] 3; [Vicki] Wieviele Kinder hast du?; [user] 0; [Vicki] Ok! Und in welchem Bundesland lebst du?; [user] Hilfe; [Vicki] Das Bundesland ist deswegen wichtig, da die Sozialversicherungsbeiträge je Bundesland verschieden sind.; [Vicki] So hat Bayern beispielsweise einen Satz von 8%, andere Bundesländer einen Satz von 9%.; [Vicki] Sag mir jetzt bitte das Bundesland, in dem du arbeitest.; [user] Bayern; [Vicki] Bezahlst du Kirchensteuer?; [user] nein; [Vicki] Sehr gut. Dann habe ich auch schon alles wichtige. Bitte beachte, dass das Ergebnis nur ein Richtwert ist. Der voraussichtliche Nettolohn beträgt 2956,04 Euro.; [Vicki] Soll ich die Daten aus dieser Konversation für dich löschen?; [user] ja; [Vicki] Okay. Ich habe deine Daten aus dieser Interaktion gelöscht.; [Vicki] Auf Wiedersehen!; EOTEOT","[Vicki] Hi! Willkommen beim DATEV Lab Gehaltsrechner.; [Vicki] Ich kann dir einen Überblick über deinen Netto-Lohn geben, wenn du mir dein Bruttogehalt, deine Steuerklasse, die Kinderanzahl und deine Kirchensteuerpflicht verrätst.; [Vicki] Möchtest du für den Einstieg eine kurze Einführung hören?; [user] Nein; [Vicki] Kein Problem! Übrigens: Wenn du die Einführung doch hören willst, sag einfach ""Einführung"".; [Vicki] Für welchen Betrag möchtest du den Nettowert wissen?; [user] 450; [Vicki] Alles klar! 450 Euro Bruttogehalt. Wie ist deine Steuerklasse?; [user] 1; [Vicki] Wieviele Kinder hast du?; [user] 0; [Vicki] Ok! Und in welchem Bundesland lebst du?; [user] NRW; [Vicki] Bezahlst du Kirchensteuer?; [user] Nein; [Vicki] Sehr gut. Dann habe ich auch schon alles wichtige. Bitte beachte, dass das Ergebnis nur ein Richtwert ist. Der voraussichtliche Nettolohn beträgt 450,00 Euro.; [Vicki] Soll ich die Daten aus dieser Konversation für dich löschen?; [user] Nein; [Vicki] Alles klar.; [Vicki] Auf Wiedersehen!; EOTEOT","[Vicki] Hi! Willkommen beim DATEV Lab Gehaltsrechner.; [Vicki] Ich kann dir einen Überblick über deinen Netto-Lohn geben, wenn du mir dein Bruttogehalt, deine Steuerklasse, die Kinderanzahl und deine Kirchensteuerpflicht verrätst.; [Vicki] Möchtest du für den Einstieg eine kurze Einführung hören?; [user] Nein; [Vicki] Kein Problem! Übrigens: Wenn du die Einführung doch hören willst, sag einfach ""Einführung"".; [Vicki] Für welchen Betrag möchtest du den Nettowert wissen?; [user] Monatsgehalt 996; [Vicki] Hoppla, da scheint etwas nicht zu stimmen.; [Vicki] Um den Nettolohn zu berechnen, benötige ich den Bruttobetrag deines monatlichen Einkommens.; [Vicki] Der Bruttobetrag ist dein Gehalt vor Abzug aller Steuern und Versicherungen.; [Vicki] Versuchen wir es noch einmal. Für welchen Betrag möchtest du den Nettowert wissen?; [user] 996; [Vicki] Alles klar! 996 Euro Bruttogehalt. Wie ist deine Steuerklasse?; [user] 1; [Vicki] Wieviele Kinder hast du?; [user] 0; [Vicki] Ok! Und in welchem Bundesland lebst du?; [user] Hh; [Vicki] Interessant - davon habe ich noch gar nichts gehört.; [Vicki] Um den Nettowert zu berechnen, benötige ich das Bundesland, in dem du in Deutschland gemeldet bist.; [Vicki] Sage jetzt den Namen des Bundeslandes.; [user] HH; [Vicki] Interessant - davon habe ich noch gar nichts gehört.; [Vicki] Um den Nettowert zu berechnen, benötige ich das Bundesland, in dem du in Deutschland gemeldet bist.; [Vicki] Sage jetzt den Namen des Bundeslandes.; [user] Hamburg; [Vicki] Bezahlst du Kirchensteuer?; [user] Nein; [Vicki] Sehr gut. Dann habe ich auch schon alles wichtige. Bitte beachte, dass das Ergebnis nur ein Richtwert ist. Der voraussichtliche Nettolohn beträgt 823,68 Euro.; [Vicki] Soll ich die Daten aus dieser Konversation für dich löschen?; [user] Ja; [Vicki] Okay. Ich habe deine Daten aus dieser Interaktion gelöscht.; [Vicki] Auf Wiedersehen!; EOTEOT","[Vicki] Hi! Willkommen beim DATEV Lab Gehaltsrechner.; [Vicki] Ich kann dir einen Überblick über deinen Netto-Lohn geben, wenn du mir dein Bruttogehalt, deine Steuerklasse, die Kinderanzahl und deine Kirchensteuerpflicht verrätst.; [Vicki] Möchtest du für den Einstieg eine kurze Einführung hören?; [user] Nein; [Vicki] Kein Problem! Übrigens: Wenn du die Einführung doch hören willst, sag einfach ""Einführung"".; [Vicki] Für welchen Betrag möchtest du den Nettowert wissen?; [user] 1689,00; [Vicki] Alles klar! 1689 Euro Bruttogehalt. Wie ist deine Steuerklasse?; [user] Keine Ahnung; [Vicki] Kein Problem. Ich helfe dir dabei. Handelt es sich um ein Haupt- oder Nebeneinkommen?; [user] Haupt; [Vicki] Alles klar! Bist du denn verheiratet?; [user] Nein; [Vicki] Wieviele Kinder hast du?; [user] 1; [Vicki] Ok! Und in welchem Bundesland lebst du?; [user] Niedersachsen ; [Vicki] Bezahlst du Kirchensteuer?; [user] Ja; [Vicki] Sehr gut. Dann habe ich auch schon alles wichtige. Bitte beachte, dass das Ergebnis nur ein Richtwert ist. Der voraussichtliche Nettolohn beträgt 1256,05 Euro.; [Vicki] Soll ich die angegebenen Daten für die nächste Berechnung speichern?; [user] Nein; [Vicki] In Ordnung.; [Vicki] Auf Wiedersehen; EOTEOT","[Vicki] Hi! Willkommen beim DATEV Lab Gehaltsrechner.; [Vicki] Ich kann dir einen Überblick über deinen Netto-Lohn geben, wenn du mir dein Bruttogehalt, deine Steuerklasse, die Kinderanzahl und deine Kirchensteuerpflicht verrätst.; [Vicki] Möchtest du für den Einstieg eine kurze Einführung hören?; [user] Ja; [Vicki] Alles klar. Ich kann die Lohnsteuer für Arbeitnehmer berechnen. Dazu stelle ich dir einige Fragen zur Steuerklasse, Kirchenbeträgen oder auch deinem Alter.; [Vicki] In der Berechnung gehe ich davon aus, dass du gesetzlich versichert bist und keine weiteren geldwerten Vorteile angeben willst.; [Vicki] Außerdem hast du die Möglichkeit, deine Daten zu speichern.; [Vicki] Wenn du später nochmal die Einführung hören willst, sage einfach ""Einführung"".; [Vicki] Für welchen Betrag möchtest du den Nettowert wissen?; [user] 30000; [Vicki] Ist dein Gehalt ein Jahreseinkommen?; [user] Ja; [Vicki] Alles klar! Wie ist deine Steuerklasse?; [user] keine Ahnung ; [Vicki] Kein Problem. Ich helfe dir dabei. Handelt es sich um ein Haupt- oder Nebeneinkommen?; [user] Haupt; [user] ; [Vicki] Alles klar! Bist du denn verheiratet?; [Vicki] Handelt es sich bei dem Betrag um ein Haupt- oder Nebeneinkommen?; [user] Nein; [Vicki] Wieviele Kinder hast du?; [user] 0; [Vicki] Ok! Und in welchem Bundesland lebst du?; [user] Hamburg; [Vicki] Bezahlst du Kirchensteuer?; [user] Nein; [Vicki] Sehr gut. Dann habe ich auch schon alles wichtige. Bitte beachte, dass das Ergebnis nur ein Richtwert ist. Der voraussichtliche Nettolohn beträgt 1730,46 Euro.; [Vicki] Soll ich die angegebenen Daten für die nächste Berechnung speichern?; [user] Nein ; [Vicki] In Ordnung.; [Vicki] Auf Wiedersehen; EOTEOT","[Vicki] Hi! Willkommen beim DATEV Lab Gehaltsrechner.; [Vicki] Ich kann dir einen Überblick über deinen Netto-Lohn geben, wenn du mir dein Bruttogehalt, deine Steuerklasse, die Kinderanzahl und deine Kirchensteuerpflicht verrätst.; [Vicki] Möchtest du für den Einstieg eine kurze Einführung hören?; [user] Ja; [Vicki] Alles klar. Ich kann die Lohnsteuer für Arbeitnehmer berechnen. Dazu stelle ich dir einige Fragen zur Steuerklasse, Kirchenbeträgen oder auch deinem Alter.; [Vicki] In der Berechnung gehe ich davon aus, dass du gesetzlich versichert bist und keine weiteren geldwerten Vorteile angeben willst.; [Vicki] Außerdem hast du die Möglichkeit, deine Daten zu speichern.; [Vicki] Wenn du später nochmal die Einführung hören willst, sage einfach ""Einführung"".; [Vicki] Für welchen Betrag möchtest du den Nettowert wissen?; [user] 3200; [Vicki] Alles klar! 3200 Euro Bruttogehalt. Wie ist deine Steuerklasse?; [user] 1; [Vicki] Wieviele Kinder hast du?; [user] 0; [Vicki] Ok! Und in welchem Bundesland lebst du?; [user] Hessen; [Vicki] Bezahlst du Kirchensteuer?; [user] Ja; [Vicki] Sehr gut. Dann habe ich auch schon alles wichtige. Bitte beachte, dass das Ergebnis nur ein Richtwert ist. Der voraussichtliche Nettolohn beträgt 2081,72 Euro.; [Vicki] Soll ich die angegebenen Daten für die nächste Berechnung speichern?; [user] Nein; [Vicki] In Ordnung.; [Vicki] Auf Wiedersehen; EOTEOT","[Vicki] Hi! Willkommen beim DATEV Lab Gehaltsrechner.; [Vicki] Ich kann dir einen Überblick über deinen Netto-Lohn geben, wenn du mir dein Bruttogehalt, deine Steuerklasse, die Kinderanzahl und deine Kirchensteuerpflicht verrätst.; [Vicki] Möchtest du für den Einstieg eine kurze Einführung hören?; [user] Ja; [Vicki] Alles klar. Ich kann die Lohnsteuer für Arbeitnehmer berechnen. Dazu stelle ich dir einige Fragen zur Steuerklasse, Kirchenbeträgen oder auch deinem Alter.; [Vicki] In der Berechnung gehe ich davon aus, dass du gesetzlich versichert bist und keine weiteren geldwerten Vorteile angeben willst.; [Vicki] Außerdem hast du die Möglichkeit, deine Daten zu speichern.; [Vicki] Wenn du später nochmal die Einführung hören willst, sage einfach ""Einführung"".; [Vicki] Für welchen Betrag möchtest du den Nettowert wissen?; [user] 1.300; [user] Monatsgehalt; [user] 1300; [Vicki] Alles klar! 1300 Euro Bruttogehalt. Wie ist deine Steuerklasse?; [user] keine Ahnung; [Vicki] Kein Problem. Ich helfe dir dabei. Handelt es sich um ein Haupt- oder Nebeneinkommen?; [user] haupt; [Vicki] Alles klar! Bist du denn verheiratet?; [user] nein; [Vicki] Wieviele Kinder hast du?; [user] 0; [Vicki] Ok! Und in welchem Bundesland lebst du?; [user] Niedersachsen; [Vicki] Bezahlst du Kirchensteuer?; [user] Nein; [Vicki] Sehr gut. Dann habe ich auch schon alles wichtige. Bitte beachte, dass das Ergebnis nur ein Richtwert ist. Der voraussichtliche Nettolohn beträgt 1036,30 Euro.; [Vicki] Soll ich die angegebenen Daten für die nächste Berechnung speichern?; [user] Nein; [Vicki] In Ordnung.; [Vicki] Auf Wiedersehen; EOTEOT","[Vicki] Hi! Willkommen beim DATEV Lab Gehaltsrechner.; [Vicki] Ich kann dir einen Überblick über deinen Netto-Lohn geben, wenn du mir dein Bruttogehalt, deine Steuerklasse, die Kinderanzahl und deine Kirchensteuerpflicht verrätst.; [Vicki] Möchtest du für den Einstieg eine kurze Einführung hören?; [user] Ja; [Vicki] Alles klar. Ich kann die Lohnsteuer für Arbeitnehmer berechnen. Dazu stelle ich dir einige Fragen zur Steuerklasse, Kirchenbeträgen oder auch deinem Alter.; [Vicki] In der Berechnung gehe ich davon aus, dass du gesetzlich versichert bist und keine weiteren geldwerten Vorteile angeben willst.; [Vicki] Außerdem hast du die Möglichkeit, deine Daten zu speichern.; [Vicki] Wenn du später nochmal die Einführung hören willst, sage einfach ""Einführung"".; [Vicki] Für welchen Betrag möchtest du den Nettowert wissen?; [user] 1300; [Vicki] Alles klar! 1300 Euro Bruttogehalt. Wie ist deine Steuerklasse?; [user] Keine Ahnung; [Vicki] Kein Problem. Ich helfe dir dabei. Handelt es sich um ein Haupt- oder Nebeneinkommen?; [user] Haupt; [Vicki] Alles klar! Bist du denn verheiratet?; [user] Nein; [Vicki] Wieviele Kinder hast du?; [user] 0; [Vicki] Ok! Und in welchem Bundesland lebst du?; [user] MV; [Vicki] Bezahlst du Kirchensteuer?; [user] Ja; [Vicki] Sehr gut. Dann habe ich auch schon alles wichtige. Bitte beachte, dass das Ergebnis nur ein Richtwert ist. Der voraussichtliche Nettolohn beträgt 1034,65 Euro.; [Vicki] Soll ich die angegebenen Daten für die nächste Berechnung speichern?; [user] Ja; [Vicki] Wird gemacht.; [Vicki] Auf Wiedersehen; EOTEOT","[Vicki] Hi! Willkommen beim DATEV Lab Gehaltsrechner.; [Vicki] Ich kann dir einen Überblick über deinen Netto-Lohn geben, wenn du mir dein Bruttogehalt, deine Steuerklasse, die Kinderanzahl und deine Kirchensteuerpflicht verrätst.; [Vicki] Möchtest du für den Einstieg eine kurze Einführung hören?; [user] Ja; [Vicki] Alles klar. Ich kann die Lohnsteuer für Arbeitnehmer berechnen. Dazu stelle ich dir einige Fragen zur Steuerklasse, Kirchenbeträgen oder auch deinem Alter.; [Vicki] In der Berechnung gehe ich davon aus, dass du gesetzlich versichert bist und keine weiteren geldwerten Vorteile angeben willst.; [Vicki] Außerdem hast du die Möglichkeit, deine Daten zu speichern.; [Vicki] Wenn du später nochmal die Einführung hören willst, sage einfach ""Einführung"".; [Vicki] Für welchen Betrag möchtest du den Nettowert wissen?; [user] 450€; [user] 450; [Vicki] Alles klar! 450 Euro Bruttogehalt. Wie ist deine Steuerklasse?; [user] Keine Ahnung ; [Vicki] Kein Problem. Ich helfe dir dabei. Handelt es sich um ein Haupt- oder Nebeneinkommen?; [user] Nebeneinkommen; [Vicki] Für Nebeneinkünfte ist die Steuerklasse 6 vorgesehen.; [Vicki] Dies ist unabhängig davon, ob du verheiratet bist oder Kinder hast.; [Vicki] Für das Haupteinkommen beeinflussen diese aber die Berechnung.; [Vicki] Wieviele Kinder hast du?; [user] 0; [Vicki] Ok! Und in welchem Bundesland lebst du?; [user] Bayern ; [Vicki] Bezahlst du Kirchensteuer?; [user] Ja; [Vicki] Sehr gut. Dann habe ich auch schon alles wichtige. Bitte beachte, dass das Ergebnis nur ein Richtwert ist. Der voraussichtliche Nettolohn beträgt 395,23 Euro.; [Vicki] Soll ich die Daten aus dieser Konversation für dich löschen?; [user] Ja; [Vicki] Okay. Ich habe deine Daten aus dieser Interaktion gelöscht.; [Vicki] Auf Wiedersehen!; EOTEOT","[Vicki] Hi! Willkommen beim DATEV Lab Gehaltsrechner.; [Vicki] Ich kann dir einen Überblick über deinen Netto-Lohn geben, wenn du mir dein Bruttogehalt, deine Steuerklasse, die Kinderanzahl und deine Kirchensteuerpflicht verrätst.; [Vicki] Möchtest du für den Einstieg eine kurze Einführung hören?; [user] Nein; [Vicki] Kein Problem! Übrigens: Wenn du die Einführung doch hören willst, sag einfach ""Einführung"".; [Vicki] Für welchen Betrag möchtest du den Nettowert wissen?; [user] 2200; [Vicki] Alles klar! 2200 Euro Bruttogehalt. Wie ist deine Steuerklasse?; [user] 1; [Vicki] Wieviele Kinder hast du?; [user] 0; [Vicki] Ok! Und in welchem Bundesland lebst du?; [user] He ; [Vicki] Interessant - davon habe ich noch gar nichts gehört.; [Vicki] Um den Nettowert zu berechnen, benötige ich das Bundesland, in dem du in Deutschland gemeldet bist.; [Vicki] Sage jetzt den Namen des Bundeslandes.; [user] Hessen; [Vicki] Bezahlst du Kirchensteuer?; [user] Nein; [Vicki] Sehr gut. Dann habe ich auch schon alles wichtige. Bitte beachte, dass das Ergebnis nur ein Richtwert ist. Der voraussichtliche Nettolohn beträgt 1557,40 Euro.; [Vicki] Soll ich die angegebenen Daten für die nächste Berechnung speichern?; [user] Nein; [Vicki] In Ordnung.; [Vicki] Auf Wiedersehen; EOTEOT","[Vicki] Hi! Willkommen beim DATEV Lab Gehaltsrechner.; [Vicki] Ich kann dir einen Überblick über deinen Netto-Lohn geben, wenn du mir dein Bruttogehalt, deine Steuerklasse, die Kinderanzahl und deine Kirchensteuerpflicht verrätst.; [Vicki] Möchtest du für den Einstieg eine kurze Einführung hören?; [user] Brutto 2000; [Vicki] Möchtest du für den Anfang eine kurze Einführung hören? Sage einfach ja oder nein.; [user] Nein; [Vicki] Kein Problem! Übrigens: Wenn du die Einführung doch hören willst, sag einfach ""Einführung"".; [Vicki] Für welchen Betrag möchtest du den Nettowert wissen?; [user] Brutto 2000; [Vicki] Hoppla, da scheint etwas nicht zu stimmen.; [Vicki] Um den Nettolohn zu berechnen, benötige ich den Bruttobetrag deines monatlichen Einkommens.; [Vicki] Der Bruttobetrag ist dein Gehalt vor Abzug aller Steuern und Versicherungen.; [Vicki] Versuchen wir es noch einmal. Für welchen Betrag möchtest du den Nettowert wissen?; [user] 2000; [Vicki] Alles klar! 2000 Euro Bruttogehalt. Wie ist deine Steuerklasse?; [user] Unbekannt; [Vicki] Da stimmt was nicht ganz. Am besten du nennst mir deine Steuerklasse als Zahl.; [Vicki] Diese kann zwischen 1 und 6 liegen. Falls du deine Steuerklasse nicht kennst, kann ich dir auch helfen.; [Vicki] Sage dazu einfach 'Keine Ahnung' und wir ermitteln deine Steuerklasse gemeinsam.; [Vicki] Also, wie lautet deine Steuerklasse?; [user] Keine Ahnung ; [Vicki] Kein Problem. Ich helfe dir dabei. Handelt es sich um ein Haupt- oder Nebeneinkommen?; [user] Haupt; [Vicki] Alles klar! Bist du denn verheiratet?; [user] Nein; [Vicki] Wieviele Kinder hast du?; [user] 0; [Vicki] Ok! Und in welchem Bundesland lebst du?; [user] Baden-Württemberg ; [Vicki] Interessant - davon habe ich noch gar nichts gehört.; [Vicki] Um den Nettowert zu berechnen, benötige ich das Bundesland, in dem du in Deutschland gemeldet bist.; [Vicki] Sage jetzt den Namen des Bundeslandes.; [user] Bw; [Vicki] Bezahlst du Kirchensteuer?; [user] Nein; [Vicki] Sehr gut. Dann habe ich auch schon alles wichtige. Bitte beachte, dass das Ergebnis nur ein Richtwert ist. Der voraussichtliche Nettolohn beträgt 1440,33 Euro.; [Vicki] Soll ich die angegebenen Daten für die nächste Berechnung speichern?; [user] Nein; [Vicki] In Ordnung.; [Vicki] Auf Wiedersehen; EOTEOT","[Vicki] Hi! Willkommen beim DATEV Lab Gehaltsrechner.; [Vicki] Ich kann dir einen Überblick über deinen Netto-Lohn geben, wenn du mir dein Bruttogehalt, deine Steuerklasse, die Kinderanzahl und deine Kirchensteuerpflicht verrätst.; [Vicki] Möchtest du für den Einstieg eine kurze Einführung hören?; [user] Nein; [Vicki] Kein Problem! Übrigens: Wenn du die Einführung doch hören willst, sag einfach ""Einführung"".; [user] Ok; [Vicki] Für welchen Betrag möchtest du den Nettowert wissen?; [Vicki] Hoppla, da scheint etwas nicht zu stimmen.; [Vicki] Um den Nettolohn zu berechnen, benötige ich den Bruttobetrag deines monatlichen Einkommens.; [Vicki] Der Bruttobetrag ist dein Gehalt vor Abzug aller Steuern und Versicherungen.; [Vicki] Versuchen wir es noch einmal. Für welchen Betrag möchtest du den Nettowert wissen?; [user] 50000; [Vicki] Ist dein Gehalt ein Jahreseinkommen?; [user] Ja ; [Vicki] Alles klar! Wie ist deine Steuerklasse?; [user] 2; [Vicki] Wieviele Kinder hast du?; [user] 1; [Vicki] Ok! Und in welchem Bundesland lebst du?; [user] Bayern ; [Vicki] Bezahlst du Kirchensteuer?; [user] Ja; [Vicki] Sehr gut. Dann habe ich auch schon alles wichtige. Bitte beachte, dass das Ergebnis nur ein Richtwert ist. Der voraussichtliche Nettolohn beträgt 2644,87 Euro.; [Vicki] Soll ich die Daten aus dieser Konversation für dich löschen?; [user] Ja; [Vicki] Okay. Ich habe deine Daten aus dieser Interaktion gelöscht.; [Vicki] Auf Wiedersehen!; EOTEOT","[Vicki] Hi! Willkommen beim DATEV Lab Gehaltsrechner.; [Vicki] Ich kann dir einen Überblick über deinen Netto-Lohn geben, wenn du mir dein Bruttogehalt, deine Steuerklasse, die Kinderanzahl und deine Kirchensteuerpflicht verrätst.; [Vicki] Möchtest du für den Einstieg eine kurze Einführung hören?; [user] Nein; [Vicki] Kein Problem! Übrigens: Wenn du die Einführung doch hören willst, sag einfach ""Einführung"".; [Vicki] Für welchen Betrag möchtest du den Nettowert wissen?; [user] 50000; [Vicki] Ist dein Gehalt ein Jahreseinkommen?; [user] Ja; [Vicki] Alles klar! Wie ist deine Steuerklasse?; [user] keine Ahnung; [Vicki] Kein Problem. Ich helfe dir dabei. Handelt es sich um ein Haupt- oder Nebeneinkommen?; [user] haupt; [Vicki] Alles klar! Bist du denn verheiratet?; [user] nein; [Vicki] Wieviele Kinder hast du?; [user] 0; [Vicki] Ok! Und in welchem Bundesland lebst du?; [user] bayern; [Vicki] Bezahlst du Kirchensteuer?; [user] Nein; [Vicki] Sehr gut. Dann habe ich auch schon alles wichtige. Bitte beachte, dass das Ergebnis nur ein Richtwert ist. Der voraussichtliche Nettolohn beträgt 2634,88 Euro.; [Vicki] Soll ich die angegebenen Daten für die nächste Berechnung speichern?; [user] ja; [Vicki] Wird gemacht.; [Vicki] Auf Wiedersehen; EOTEOT","[Vicki] Hi! Willkommen beim DATEV Lab Gehaltsrechner.; [Vicki] Ich kann dir einen Überblick über deinen Netto-Lohn geben, wenn du mir dein Bruttogehalt, deine Steuerklasse, die Kinderanzahl und deine Kirchensteuerpflicht verrätst.; [Vicki] Möchtest du für den Einstieg eine kurze Einführung hören?; [user] ja; [Vicki] Alles klar. Ich kann die Lohnsteuer für Arbeitnehmer berechnen. Dazu stelle ich dir einige Fragen zur Steuerklasse, Kirchenbeträgen oder auch deinem Alter.; [Vicki] In der Berechnung gehe ich davon aus, dass du gesetzlich versichert bist und keine weiteren geldwerten Vorteile angeben willst.; [Vicki] Außerdem hast du die Möglichkeit, deine Daten zu speichern.; [Vicki] Wenn du später nochmal die Einführung hören willst, sage einfach ""Einführung"".; [Vicki] Für welchen Betrag möchtest du den Nettowert wissen?; [user] 3120; [Vicki] Alles klar! 3120 Euro Bruttogehalt. Wie ist deine Steuerklasse?; [user] 1; [Vicki] Wieviele Kinder hast du?; [user] 0; [Vicki] Ok! Und in welchem Bundesland lebst du?; [user] hamburg; [Vicki] Bezahlst du Kirchensteuer?; [user] nein; [Vicki] Sehr gut. Dann habe ich auch schon alles wichtige. Bitte beachte, dass das Ergebnis nur ein Richtwert ist. Der voraussichtliche Nettolohn beträgt 2078,14 Euro.; [Vicki] Soll ich die Daten aus dieser Konversation für dich löschen?; [user] ja; [Vicki] Okay. Ich habe deine Daten aus dieser Interaktion gelöscht.; [Vicki] Auf Wiedersehen!; EOTEOT","[Vicki] Hi! Willkommen beim DATEV Lab Gehaltsrechner.; [Vicki] Ich kann dir einen Überblick über deinen Netto-Lohn geben, wenn du mir dein Bruttogehalt, deine Steuerklasse, die Kinderanzahl und deine Kirchensteuerpflicht verrätst.; [Vicki] Möchtest du für den Einstieg eine kurze Einführung hören?; [user] Hi, ja; [Vicki] Alles klar. Ich kann die Lohnsteuer für Arbeitnehmer berechnen. Dazu stelle ich dir einige Fragen zur Steuerklasse, Kirchenbeträgen oder auch deinem Alter.; [Vicki] In der Berechnung gehe ich davon aus, dass du gesetzlich versichert bist und keine weiteren geldwerten Vorteile angeben willst.; [Vicki] Außerdem hast du die Möglichkeit, deine Daten zu speichern.; [Vicki] Wenn du später nochmal die Einführung hören willst, sage einfach ""Einführung"".; [Vicki] Für welchen Betrag möchtest du den Nettowert wissen?; [user] 6666; [Vicki] Alles klar! 6666 Euro Bruttogehalt. Wie ist deine Steuerklasse?; [user] kA; [Vicki] Da stimmt was nicht ganz. Am besten du nennst mir deine Steuerklasse als Zahl.; [Vicki] Diese kann zwischen 1 und 6 liegen. Falls du deine Steuerklasse nicht kennst, kann ich dir auch helfen.; [Vicki] Sage dazu einfach 'Keine Ahnung' und wir ermitteln deine Steuerklasse gemeinsam.; [Vicki] Also, wie lautet deine Steuerklasse?; [user] Gut, dann sage ich 'keine Ahnung', weil das am Interessantesten ist. ;-); [Vicki] Kein Problem. Ich helfe dir dabei. Handelt es sich um ein Haupt- oder Nebeneinkommen?; [user] ersteres; [Vicki] Handelt es sich bei dem Betrag um ein Haupt- oder Nebeneinkommen?; [user] main; [Vicki] Handelt es sich bei dem Betrag um ein Haupt- oder Nebeneinkommen?; [user] ja; [Vicki] Handelt es sich bei dem Betrag um ein Haupt- oder Nebeneinkommen?; [user] hauptnebeneinkommen; [Vicki] Alles klar! Bist du denn verheiratet?; [user] lol nein; [Vicki] Wieviele Kinder hast du?; [user] null; [Vicki] Ok ich verstehe. Kinder können viel Arbeit machen, aber Kinder können auch steuerliche Vergünstigungen bringen.; [Vicki] Nenne mir einfach die Anzahl deiner minderjährigen Kinder oder gib '0' ein.; [user] '0""; [Vicki] Ok ich verstehe. Kinder können viel Arbeit machen, aber Kinder können auch steuerliche Vergünstigungen bringen.; [Vicki] Nenne mir einfach die Anzahl deiner minderjährigen Kinder oder gib '0' ein.; [user] '0'; [Vicki] Ok ich verstehe. Kinder können viel Arbeit machen, aber Kinder können auch steuerliche Vergünstigungen bringen.; [Vicki] Nenne mir einfach die Anzahl deiner minderjährigen Kinder oder gib '0' ein.; [user] ""0""; [Vicki] Ok ich verstehe. Kinder können viel Arbeit machen, aber Kinder können auch steuerliche Vergünstigungen bringen.; [Vicki] Nenne mir einfach die Anzahl deiner minderjährigen Kinder oder gib '0' ein.; [user] \'0\'; [Vicki] Ok ich verstehe. Kinder können viel Arbeit machen, aber Kinder können auch steuerliche Vergünstigungen bringen.; [Vicki] Nenne mir einfach die Anzahl deiner minderjährigen Kinder oder gib '0' ein.; [user] 0; [Vicki] Ok! Und in welchem Bundesland lebst du?; [user] CA; [Vicki] Interessant - davon habe ich noch gar nichts gehört.; [Vicki] Um den Nettowert zu berechnen, benötige ich das Bundesland, in dem du in Deutschland gemeldet bist.; [Vicki] Sage jetzt den Namen des Bundeslandes.; [user] BB; [Vicki] Interessant - davon habe ich noch gar nichts gehört.; [Vicki] Um den Nettowert zu berechnen, benötige ich das Bundesland, in dem du in Deutschland gemeldet bist.; [Vicki] Sage jetzt den Namen des Bundeslandes.; [user] in BRANDENBURG; [Vicki] Bezahlst du Kirchensteuer?; [user] noe; [Vicki] Bitte sage mir mit <b>'Ja'</b> oder <b>'Nein'</b> ob du Kirchensteuer zahlst.; [user] no; [Vicki] Bitte sage mir mit <b>'Ja'</b> oder <b>'Nein'</b> ob du Kirchensteuer zahlst.; [user] nein; [Vicki] Sehr gut. Dann habe ich auch schon alles wichtige. Bitte beachte, dass das Ergebnis nur ein Richtwert ist. Der voraussichtliche Nettolohn beträgt 3754,79 Euro.; [Vicki] Soll ich die Daten aus dieser Konversation für dich löschen?; [user] wieso? hilfe!; [Vicki] Entschuldigung, ich verstehe nicht. Du kannst 'ja' oder 'nein' sagen, um die Daten zu löschen, die ich aus unserer Interaktion gesammelt habe.; [user] nein; [Vicki] Alles klar.; [Vicki] Auf Wiedersehen!; EOTEOT","[Vicki] Hi! Willkommen beim DATEV Lab Gehaltsrechner.; [Vicki] Ich kann dir einen Überblick über deinen Netto-Lohn geben, wenn du mir dein Bruttogehalt, deine Steuerklasse, die Kinderanzahl und deine Kirchensteuerpflicht verrätst.; [Vicki] Möchtest du für den Einstieg eine kurze Einführung hören?; [user] Nein; [Vicki] Kein Problem! Übrigens: Wenn du die Einführung doch hören willst, sag einfach ""Einführung"".; [Vicki] Für welchen Betrag möchtest du den Nettowert wissen?; [user] Jahresgehalt 65000; [Vicki] Hoppla, da scheint etwas nicht zu stimmen.; [Vicki] Um den Nettolohn zu berechnen, benötige ich den Bruttobetrag deines monatlichen Einkommens.; [Vicki] Der Bruttobetrag ist dein Gehalt vor Abzug aller Steuern und Versicherungen.; [Vicki] Versuchen wir es noch einmal. Für welchen Betrag möchtest du den Nettowert wissen?; [user] 4500; [Vicki] Alles klar! 4500 Euro Bruttogehalt. Wie ist deine Steuerklasse?; [user] 1; [Vicki] Wieviele Kinder hast du?; [user] 0; [Vicki] Ok! Und in welchem Bundesland lebst du?; [user] BY; [Vicki] Interessant - davon habe ich noch gar nichts gehört.; [Vicki] Um den Nettowert zu berechnen, benötige ich das Bundesland, in dem du in Deutschland gemeldet bist.; [Vicki] Sage jetzt den Namen des Bundeslandes.; [user] Bayern; [Vicki] Bezahlst du Kirchensteuer?; [user] ja; [Vicki] Sehr gut. Dann habe ich auch schon alles wichtige. Bitte beachte, dass das Ergebnis nur ein Richtwert ist. Der voraussichtliche Nettolohn beträgt 2739,28 Euro.; [Vicki] Soll ich die Daten aus dieser Konversation für dich löschen?; [user] ja; [Vicki] Okay. Ich habe deine Daten aus dieser Interaktion gelöscht.; [Vicki] Auf Wiedersehen!; EOTEOT","[Vicki] Hi! Willkommen beim DATEV Lab Gehaltsrechner.; [Vicki] Ich kann dir einen Überblick über deinen Netto-Lohn geben, wenn du mir dein Bruttogehalt, deine Steuerklasse, die Kinderanzahl und deine Kirchensteuerpflicht verrätst.; [Vicki] Möchtest du für den Einstieg eine kurze Einführung hören?; [user] nein; [Vicki] Kein Problem! Übrigens: Wenn du die Einführung doch hören willst, sag einfach ""Einführung"".; [Vicki] Für welchen Betrag möchtest du den Nettowert wissen?; [user] 1500; [Vicki] Alles klar! 1500 Euro Bruttogehalt. Wie ist deine Steuerklasse?; [user] 1; [Vicki] Wieviele Kinder hast du?; [user] 0; [Vicki] Ok! Und in welchem Bundesland lebst du?; [user] berlin; [Vicki] Bezahlst du Kirchensteuer?; [user] nein; [Vicki] Sehr gut. Dann habe ich auch schon alles wichtige. Bitte beachte, dass das Ergebnis nur ein Richtwert ist. Der voraussichtliche Nettolohn beträgt 1152,05 Euro.; [Vicki] Soll ich die Daten aus dieser Konversation für dich löschen?; [user] nein; [Vicki] Alles klar.; [Vicki] Auf Wiedersehen!; EOTEOT","[Vicki] Hi! Willkommen beim DATEV Lab Gehaltsrechner.; [Vicki] Ich kann dir einen Überblick über deinen Netto-Lohn geben, wenn du mir dein Bruttogehalt, deine Steuerklasse, die Kinderanzahl und deine Kirchensteuerpflicht verrätst.; [Vicki] Möchtest du für den Einstieg eine kurze Einführung hören?; [user] Ja; [Vicki] Alles klar. Ich kann die Lohnsteuer für Arbeitnehmer berechnen. Dazu stelle ich dir einige Fragen zur Steuerklasse, Kirchenbeträgen oder auch deinem Alter.; [Vicki] In der Berechnung gehe ich davon aus, dass du gesetzlich versichert bist und keine weiteren geldwerten Vorteile angeben willst.; [Vicki] Außerdem hast du die Möglichkeit, deine Daten zu speichern.; [Vicki] Wenn du später nochmal die Einführung hören willst, sage einfach ""Einführung"".; [Vicki] Für welchen Betrag möchtest du den Nettowert wissen?; [user] 1300; [Vicki] Alles klar! 1300 Euro Bruttogehalt. Wie ist deine Steuerklasse?; [user] Keine Ahnung; [Vicki] Kein Problem. Ich helfe dir dabei. Handelt es sich um ein Haupt- oder Nebeneinkommen?; [user] Haupt; [Vicki] Alles klar! Bist du denn verheiratet?; [user] Nein; [Vicki] Wieviele Kinder hast du?; [user] 0; [Vicki] Ok! Und in welchem Bundesland lebst du?; [user] Bayern; [Vicki] Bezahlst du Kirchensteuer?; [user] Nein; [Vicki] Sehr gut. Dann habe ich auch schon alles wichtige. Bitte beachte, dass das Ergebnis nur ein Richtwert ist. Der voraussichtliche Nettolohn beträgt 1036,30 Euro.; [Vicki] Soll ich die angegebenen Daten für die nächste Berechnung speichern?; [user] Ja; [Vicki] Wird gemacht.; [Vicki] Auf Wiedersehen; EOTEOT","[Vicki] Hi! Willkommen beim DATEV Lab Gehaltsrechner.; [Vicki] Ich kann dir einen Überblick über deinen Netto-Lohn geben, wenn du mir dein Bruttogehalt, deine Steuerklasse, die Kinderanzahl und deine Kirchensteuerpflicht verrätst.; [Vicki] Möchtest du für den Einstieg eine kurze Einführung hören?; [user] nö; [Vicki] Möchtest du für den Anfang eine kurze Einführung hören? Sage einfach ja oder nein.; [user] no; [Vicki] Möchtest du für den Anfang eine kurze Einführung hören? Sage einfach ja oder nein.; [user] nein; [Vicki] Kein Problem! Übrigens: Wenn du die Einführung doch hören willst, sag einfach ""Einführung"".; [Vicki] Für welchen Betrag möchtest du den Nettowert wissen?; [user] ; [Vicki] Hoppla, da scheint etwas nicht zu stimmen.; [Vicki] Um den Nettolohn zu berechnen, benötige ich den Bruttobetrag deines monatlichen Einkommens.; [Vicki] Der Bruttobetrag ist dein Gehalt vor Abzug aller Steuern und Versicherungen.; [Vicki] Versuchen wir es noch einmal. Für welchen Betrag möchtest du den Nettowert wissen?; [user] 0; [Vicki] Alles klar! 0 Euro Bruttogehalt. Wie ist deine Steuerklasse?; [user] hoch; [Vicki] Da stimmt was nicht ganz. Am besten du nennst mir deine Steuerklasse als Zahl.; [Vicki] Diese kann zwischen 1 und 6 liegen. Falls du deine Steuerklasse nicht kennst, kann ich dir auch helfen.; [user] 42; [Vicki] Sage dazu einfach 'Keine Ahnung' und wir ermitteln deine Steuerklasse gemeinsam.; [Vicki] Also, wie lautet deine Steuerklasse?; [Vicki] Da stimmt was nicht ganz. Am besten du nennst mir deine Steuerklasse als Zahl.; [Vicki] Diese kann zwischen 1 und 6 liegen. Falls du deine Steuerklasse nicht kennst, kann ich dir auch helfen.; [Vicki] Sage dazu einfach 'Keine Ahnung' und wir ermitteln deine Steuerklasse gemeinsam.; [user] keine ahnung; [Vicki] Also, wie lautet deine Steuerklasse?; [Vicki] Kein Problem. Ich helfe dir dabei. Handelt es sich um ein Haupt- oder Nebeneinkommen?; [user] unregelmässig; [Vicki] Handelt es sich bei dem Betrag um ein Haupt- oder Nebeneinkommen?; [user] schwankt stark; [Vicki] Handelt es sich bei dem Betrag um ein Haupt- oder Nebeneinkommen?; [user] ja; [Vicki] Handelt es sich bei dem Betrag um ein Haupt- oder Nebeneinkommen?; [user] vermutlich; [Vicki] Handelt es sich bei dem Betrag um ein Haupt- oder Nebeneinkommen?; [user] haupt; [Vicki] Alles klar! Bist du denn verheiratet?; [user] nein; [Vicki] Wieviele Kinder hast du?; [user] 2 adoptivjugendliche; [Vicki] Ok ich verstehe. Kinder können viel Arbeit machen, aber Kinder können auch steuerliche Vergünstigungen bringen.; [Vicki] Nenne mir einfach die Anzahl deiner minderjährigen Kinder oder gib '0' ein.; [user] 2 adoptiv 0 leibliche; [Vicki] Ok ich verstehe. Kinder können viel Arbeit machen, aber Kinder können auch steuerliche Vergünstigungen bringen.; [Vicki] Nenne mir einfach die Anzahl deiner minderjährigen Kinder oder gib '0' ein.; [user] 0; [Vicki] Ok! Und in welchem Bundesland lebst du?; [user] ch; [Vicki] Interessant - davon habe ich noch gar nichts gehört.; [Vicki] Um den Nettowert zu berechnen, benötige ich das Bundesland, in dem du in Deutschland gemeldet bist.; [Vicki] Sage jetzt den Namen des Bundeslandes.; [user] schweiz; [Vicki] Interessant - davon habe ich noch gar nichts gehört.; [Vicki] Um den Nettowert zu berechnen, benötige ich das Bundesland, in dem du in Deutschland gemeldet bist.; [Vicki] Sage jetzt den Namen des Bundeslandes.; [user] ausland; [Vicki] Interessant - davon habe ich noch gar nichts gehört.; [Vicki] Um den Nettowert zu berechnen, benötige ich das Bundesland, in dem du in Deutschland gemeldet bist.; [Vicki] Sage jetzt den Namen des Bundeslandes.; [user] mv; [Vicki] Bezahlst du Kirchensteuer?; [user] nein; [Vicki] Sehr gut. Dann habe ich auch schon alles wichtige. Bitte beachte, dass das Ergebnis nur ein Richtwert ist. Der voraussichtliche Nettolohn beträgt 0,00 Euro.; [Vicki] Soll ich die angegebenen Daten für die nächste Berechnung speichern?; [user] nein; [Vicki] In Ordnung.; [Vicki] Auf Wiedersehen; EOTEOT"
